Residential|Hotel|St Regis Hotel|1.305976|103.8259635
Retail|Shopping Mall|Compass Point|1.39202333333333|103.895052666667
Retail|Shopping Mall|The Cathay|1.2992760185|103.8479058
Retail|Shopping Mall|Fortune Center|1.3004225|103.852285
Commercial|Commercial Building|K&S Corporate Headquarters|1.37555|103.873582
Commercial|Commercial Building|Raffles Quay|1.281807|103.8513865
Commercial|Commercial Building|Singapore Post Building|1.278364|103.848803
Retail|Shopping Mall|Star Vista|1.306837|103.788456
Travel|Land|Kembangan MRT|1.3208882|103.9128494
Recreational|Sports Facility|Multi-purpose Indoor Arena|1.303787|103.874656
Commercial|Commercial Building|Secom Centre|1.334920516|103.75885935
Retail|Shopping Mall|Singapore Shopping Center|1.298132|103.84414
Retail|Shopping Mall|Yew Tee Point|1.3970560185|103.7468308
Commercial|Commercial Building|Rochor Centre|1.30194933333333|103.854892
Educational|Research Centre|P&G Innovation Centre|1.30337|103.79211
Commercial|Commercial Building|Singapore Exchange Tower 2|1.278973|103.84959
Retail|Shopping Mall|Zhongshan Mall|1.326737|103.846604
Commercial|Commercial Building|WPP Building|1.310861|103.837091
Commercial|Commercial Building|Shaw Plaza|1.3250355|103.8511875
Travel|Land|Bishan MRT|1.350688|103.848066
Commercial|Commercial Building|Eunos Technolink|1.3347406|103.9002426
Travel|Land|Holland Village MRT|1.312292|103.795961
Residential|Hotel|Excelsior Hotel|1.29201|103.849811
Commercial|Industrial Building/Estate|Activcard Asia Pte Ltd|1.29052|103.787235
Retail|Shopping Mall|OUB Centre|1.2836295055|103.851253475
Retail|Exhibition|Asian Civilisation Museum|1.2880015|103.8515
Educational|Specialized Training School|ITE HQ and College Central|1.3781495|103.8562985
Retail|Shopping Mall|Heartland Mall-Kovan|1.359534|103.8851945
Government|Government Building|Ministry of Manpower|1.303066|103.8541492
Recreational|Country Club|Safra Toa Payoh|1.3303155|103.854551
Residential|Hotel|Sentosa Cove|1.246243|103.842378
Commercial|Commercial Building|StarHub Centre|1.3028504905|103.84008565
Recreational|Country Club|Spans-Jom Clubhouse|1.3290375|103.848477
Educational|University|Create Way UNIVERSITY TOWN|1.304078|103.774125
Commercial|Industrial Building/Estate|Lonza Biologics Tuas Pte Ltd|1.2989605|103.639949
Residential|Hotel|Le Meridien|1.300629973|103.8420029
Recreational|Country Club|NTU Alumni Club @ One North|1.3037405|103.789858
Commercial|Commercial Building|Hitachi Tower|1.284168|103.8525685
Commercial|Commercial Building|IHUB Building|1.32876|103.741868
Retail|Shopping Mall|Raffles The Plaza North|1.29328|103.8533235
Commercial|Industrial Building/Estate|Rec Site Services Pte Ltd|1.272424|103.622728
Health|Hospital|Connexion|1.312413|103.854117
Residential|Hotel|Village Hotel Katong|1.303763|103.90288
Travel|Air|Changi Airport|1.355121810375|103.9889652125
Commercial|Commercial Building|Standard Chartered|1.334743|103.9665915
Commercial|Commercial Building|Odeon Towers|1.296198|103.853249
Residential|Hotel|Le Meridien SC.|1.300627|103.842248
Retail|Shopping Mall|IKEA Ind Building|1.2879774735|103.8059969
Retail|Shopping Mall|UE Square|1.29284220291667|103.842197175
Retail|Shopping Mall|Stamford Court|1.294346605|103.850128533333
Commercial|Commercial Building|IMFLASH|1.454844|103.793648
Educational|University|Singapore University of technology and Design|1.341019|103.9636635
Commercial|Commercial Building|Techpoint|1.389335|103.8492855
Travel|Land|Bras Basah MRT|1.2968955|103.850802
Educational|Research Centre|Solaris Building|1.29901566666667|103.788508333333
Retail|Shopping Mall|NorthPoint Shopping Centre|1.429703|103.8357965
Retail|Shopping Mall|Great World City|1.29373295925|103.831988025
Commercial|Commercial Building|Kimberly Clarke Asia Pacific|1.294045|103.642475
Commercial|Commercial Building|Rolls Royce|1.402365|103.866806
Residential|Hotel|Concorde Hotel|1.2888825|103.834205
Retail|Shopping Mall|Rivervale Mall|1.392229221|103.904308066667
Travel|Air|Singapore Changi Airport Terminal 3|1.35741857714286|103.986213228571
Commercial|Commercial Building|JTC Summit|1.3311535|103.741897
Commercial|Commercial Building|30 hill street|1.293611667|103.8495262
Health|Hospital|Ng Teng Fong General Hospital|1.333683|103.745443
Retail|Shopping Mall|Rochester Mall (Retail) and Park Aveune Rochester (Hotel)|1.305256|103.788304
Government|Government Building|national Design Centre|1.298765|103.853365
Educational|University|Unilever Four Acres Campus|1.302107|103.787868
Educational|University|University Town|1.3043325|103.7733235
Retail|Tourism|Gardens by The Bay|1.28448566666667|103.864907833333
Commercial|Commercial Building|Siemen Centre|1.327386|103.870766
Recreational|Country Club|The Legends Fort Canning Park|1.295891|103.845465
Residential|Hotel|Shangri-La Rasa Sentosa Hotel|1.257633|103.8097705
Commercial|Commercial Building|Fook Hai Building|1.284976|103.846434
Residential|Hotel|Park Ave Changi Hotels & Suites|1.334792|103.963895
Recreational|Country Club|Raffles Town Club|1.321901|103.824963
Retail|Shopping Mall|Burlington Square|1.30272916928571|103.852266542857
Retail|Shopping Mall|Roxy Square old|1.304354|103.9040465
Retail|Shopping Mall|Orchard Cineleisure|1.3014979815|103.83621425
Retail|Shopping Mall|Jurong Point Extension|1.3394505|103.70668
Educational|University|NTU School of Biological Science|1.345209|103.6793965
Travel|Land|Raffles Place MRT|1.2839325|103.8512285
Retail|Shopping Mall|Shaw Centre/House A|1.306070273|103.831980033333
Commercial|Commercial Building|Hewlett Packard Singapore Pte Ltd|1.282702|103.8080535
Retail|Shopping Mall|Roxy Square|1.304236|103.9041275
Travel|Land|KPE Ventilator Building C|1.320483|103.877199
Commercial|Industrial Building/Estate|Aperia|1.3104105|103.8635665
Commercial|Commercial Building|Merrill Lynch HarbourFront|1.2656995|103.8190635
Retail|Exhibition|Marina Bay Sands Hall E|1.282255|103.85875
Travel|Land|Seng Kang MRT|1.391689|103.895484
Commercial|Industrial Building/Estate|Shun Li Ind Park|1.336652|103.91072
Retail|Shopping Mall|Clementi Mall|1.31415398633333|103.764790133333
Commercial|Commercial Building|HSR Building|1.33748551433333|103.854878033333
Travel|Land|SBS Transit West District|1.3554|103.6923
Residential|Hotel|Robertson Quay Hotel|1.29118533333333|103.842017666667
Commercial|Commercial Building|Airline House|1.377358|103.9972975
Residential|Hotel|Marina Square|1.292434754|103.8582111
Commercial|Commercial Building|OCBC Aquatic Centre|1.304915|103.873769
Travel|Land|Dhoby Ghaut MRT - NSL|1.2991135|103.845979
Educational|University|Site Name ITE College West - CCK|1.375116|103.751985
Travel|Land|Bukit Panjang MRT|1.378904|103.761476
Commercial|Commercial Building|CPF Building|1.27776927125|103.8481127
Educational|University|NUS-18 Medical Drive|1.294948|103.781047
Retail|Shopping Mall|Suntec City Tower 2|1.29591133333333|103.858747666667
Commercial|Commercial Building|PWC Building|1.282322|103.849001
Travel|Land|Promenade MRT|1.292733|103.860836333333
Educational|University|NUS Guild House and Shaw Foundation|1.293854|103.773254
Retail|Shopping Mall|Capital Square|1.2838455|103.848787
Retail|Shopping Mall|Mustafa Centre|1.3101325|103.855383125
Commercial|Commercial Building|The Treasury|1.290846|103.849666
Commercial|Commercial Building|Alexandra Point|1.27726433333333|103.802125333333
Educational|Research Centre|Neuros Biopolis|1.3023065|103.793148
Educational|Non-tertiary Institution|Canadian International School|1.34733233333333|103.718396
Commercial|Commercial Building|Tung Centre|1.284687|103.852696
Commercial|Commercial Building|Singapore Land Tower|1.284665|103.85213
Commercial|Commercial Building|Tong Eng Building|1.28112|103.849306
Retail|Shopping Mall|Far East Shopping Centre|1.30601933533333|103.8299403
Commercial|Commercial Building|Xilink Asia Pacific Building|1.337905|103.965918333333
Retail|Exhibition|Marina Bay Sands Expo & Convention Centre|1.28253625|103.85851975
Commercial|Commercial Building|Nexus @ one-north|1.298955|103.789701
Commercial|Commercial Building|Tyco Electonics|1.37607066666667|103.864471166667
Commercial|Commercial Building|UPS House|1.330506|103.96729
Retail|Shopping Mall|The Furniture Mall|1.33236|103.748244
Commercial|Commercial Building|UOB Alexandra Building|1.27791|103.802253
Commercial|Industrial Building/Estate|Admirax|1.4608825|103.818791
Retail|Shopping Mall|Park Mall|1.297884974|103.8451031
Commercial|Industrial Building/Estate|Northpoint Bizhub|1.436155|103.843155
Commercial|Commercial Building|Great Eastern Changi|1.316952|103.903559
Commercial|Commercial Building|Winsland House II|1.29931|103.84086675
Retail|Shopping Mall|Midpoint Orchard|1.30178089966667|103.838669866667
Commercial|Industrial Building/Estate|Cleanhull Singapore Pte Ltd|1.27487096022222|103.799110833333
Government|Government Building|Istana|1.305486|103.843118
Residential|Hotel|Pacific Plaza|1.306543|103.8321285
Commercial|Commercial Building|Shaw Tower|1.29806557142857|103.853409285714
Travel|Land|Serangoon MRT|1.35003233333333|103.873077666667
Commercial|Industrial Building/Estate|Shun Li Industrial Park|1.336703|103.910697
Retail|Shopping Mall|Parklane Shopping Mall|1.301027|103.8491745
Retail|Shopping Mall|Hougang Green Shopping Mall|1.37942332766667|103.887454383333
Commercial|Commercial Building|JTC Summit Building|1.331655|103.739265
Travel|Land|Dhoby Ghaut MRT - NEL|1.2994275|103.8452985
Commercial|Commercial Building|Westgate Retail|1.334735325|103.7426213
Retail|Shopping Mall|Youth Scape Park|1.300984991|103.83588525
Retail|Shopping Mall|Textile Centre|1.3037355|103.861509
Recreational|Country Club|SAF Yacht Club|1.315894|104.015412
Commercial|Commercial Building|King's Centre|1.28961|103.8357665
Recreational|Country Club|Singapore Recreation Centre|1.292122|103.853719
Travel|Land|Kranji MRT|1.425135|103.762147
Residential|Hotel|Resort World at Sentosa- Hard Rock Hotel|1.257769|103.818885
Residential|Hotel|Sentosa Resort|1.245969|103.827593
Commercial|Industrial Building/Estate|NorthTech|1.455919981|103.8000031
Commercial|Commercial Building|Ngee Ann City Towers A and B|1.302516|103.83456
Travel|Air|Changi Airport Terminal 3|1.3567845|103.9863725
Travel|Land|Marina South Pier MRT|1.27198|103.86321
Commercial|Industrial Building/Estate|Enterprise One|1.332763|103.90268
Commercial|Commercial Building|Bank of China|1.285771|103.852226
Retail|Shopping Mall|Holland Road Shopping Centre|1.3103675|103.795172
Recreational|Parks/Gardens|Woodlands Industrial Park D|1.437443|103.766098
Commercial|Industrial Building/Estate|ASM Technology Singapore|1.442217|103.839685
Retail|Shopping Mall|VIVO City|1.26482798266667|103.822807666667
Commercial|Commercial Building|CCI International Ltd|1.328296|103.748228
Education|Primary School|Henry Park Primary School|1.3167|103.784302
Commercial|Commercial Building|Standard Chartered Bank|1.285467|103.851763
Commercial|Commercial Building|AXA Tower|1.2755268|103.8477148
Travel|Land|Marina Bay MRT|1.276476|103.854762
Residential|Hotel|Carlton Hotel|1.2956995|103.8530075
Commercial|Commercial Building|Fairprice Hub|1.32889033333333|103.678725333333
Residential|Hotel|Days Hotel|1.326946|103.846805
Commercial|Commercial Building|New Tech Park|1.35186725|103.861049
Retail|Shopping Mall|Peoples Park Complex|1.2841295|103.84259
Government|Public Facility|Singapore Girls Home|1.346815739|103.8916259
Retail|Shopping Mall|Palais Renaissance|1.30636516666667|103.8298075
Retail|Shopping Mall|Sheng Siong|1.338216|103.9234335
Educational|University|NUS - Yong Siew Toh|1.302299|103.772609
Retail|Shopping Mall|Harbourfront Tower One|1.264774|103.81912
Retail|Shopping Mall|IMM|1.33507583333333|103.747152333333
Travel|Land|Newton MRT|1.3128368|103.8379124
Retail|Shopping Mall|Rivervale Plaza|1.385549|103.9019505
Commercial|Commercial Building|Republic Plaza|1.283218667|103.8508713
Health|Hospital|KK Women's And Children's Hospital|1.31095266666667|103.846728333333
Residential|Hotel|Seacare Hotel|1.287716|103.839914
Commercial|Industrial Building/Estate|Woodlands Bizhub|1.452073|103.792106
Travel|Land|Bayfront MRT|1.282104|103.859181
Retail|Exhibition|National Art Gallery|1.290353|103.851355
Retail|Shopping Mall|MyVillage @Serangoon Garden|1.365066005|103.86503445
Commercial|Commercial Building|DBS Asia Hub|1.334795|103.96605
Travel|Land|Bartley MRT|1.34285|103.879702
Retail|Shopping Mall|The Agape|1.326956|103.724647
Retail|Shopping Mall|313@ Somerset|1.3014695|103.838293
Travel|Land|Changi Airport MRT|1.35734|103.988206
Commercial|Industrial Building/Estate|SDV logistic Green Hub|1.3203085|103.7012925
Retail|Shopping Mall|Beauty World Centre|1.342416|103.7765325
Educational|Research Centre|NUS Utown- Create Tower|1.304085|103.774126
Commercial|Industrial Building/Estate|Qualcomm Cdma Technologies Asia-Pacific Pte Ltd|1.374492|103.86903
Travel|Land|Cashew MRT|1.369322|103.764281
Retail|Exhibition|Singapore Airshow & Events Pte Ltd|1.36544|104.01637
Commercial|Commercial Building|StarHub Green|1.32414075|103.89284325
Travel|Land|Clarke Quay MRT|1.288721|103.846614
Retail|Shopping Mall|Ngee Ann City|1.3026987992|103.83453894
Commercial|Industrial Building/Estate|Applied Materials South East Asia Pte Ltd|1.336888|103.967125
Commercial|Commercial Building|The Octagon|1.2805425|103.8491845
Commercial|Commercial Building|Apex Tower|1.2741175|103.844752
Retail|Shopping Mall|Chinatown Plaza|1.278631|103.842143
Retail|Shopping Mall|Tekka Mall|1.304607|103.852304
Government|Public Facility|Changi Cargo Agents Megaplex 1|1.373256|103.995105
Commercial|Commercial Building|71 Robinson Road|1.278364|103.848803
Retail|Exhibition|Suntec Convention Hall|1.29369077777778|103.857283111111
Travel|Land|KPE Ventilator Building D|1.333416|103.890057
Retail|Shopping Mall|Punggol Plaza|1.3942805245|103.91301
Retail|Shopping Mall|Anchor Point|1.2886164975|103.80500315
Commercial|Commercial Building|Parliament House|1.28899551266667|103.8506573
Educational|Specialized Training School|Lifelong Learning institute|1.3198635|103.89234525
Residential|Hotel|Ritz Carlton Hotel|1.2907205|103.860052
Commercial|Commercial Building|AIA|1.354639|103.941897
Commercial|Commercial Building|WCEGA Plaza|1.339001|103.759424
Retail|Shopping Mall|Clementi Arcade|1.323553|103.76748
Travel|Land|Outram Park MRT|1.27856214285714|103.840790428571
Travel|Land|Woodlands Checkpoint|1.445586|103.769005
Residential|Hotel|Inter-Continental Hotel|1.298452|103.8548865
Residential|Hotel|Quality Hotel|1.3200605|103.8525265
Retail|Shopping Mall|Suntec City Mall Suntec City E|1.295023|103.860178
Educational|University|SIM HQ|1.329156322|103.776136033333
Commercial|Commercial Building|Maybank Tower|1.285895|103.852505
Retail|Shopping Mall|Forum Shopping Mall|1.306179029|103.8288537
Retail|Shopping Mall|Swissotel The Stamford|1.293399995|103.85328495
Residential|Hotel|Orchard Hotel|1.307837484|103.82865836
Commercial|Commercial Building|Royal Brothers Building|1.28389|103.850817
Retail|Shopping Mall|Upp Serangoon Shopping Centre|1.353487|103.878841
Commercial|Commercial Building|Marsh Maclenna Centre|1.2834845|103.846864
Retail|Shopping Mall|Park Avenue Rochester & Rochester Mall|1.30524|103.7883575
Retail|Shopping Mall|Katong Shopping Centre|1.303872|103.90107
Commercial|Commercial Building|Canon Digital Media Hub|1.300727|103.856232
Travel|Land|Bartley|1.34285|103.879702
Commercial|Commercial Building|Mitsubishi Electric Building|1.289075|103.806892
Commercial|Commercial Building|Merck Sharp Dohme Technology|1.30279|103.634162
Retail|Shopping Mall|NEX @ Serangoon|1.350408494|103.872638025
Residential|Hotel|Four Seasons Hotel|1.30521|103.8286535
Commercial|Commercial Building|REC Singapore|1.27244|103.6227265
Commercial|Industrial Building/Estate|AutoBay|1.341483|103.912469
Commercial|Industrial Building/Estate|F&N foods|1.311814|103.749192
Recreational|Sports Facility|National Stadium|1.30418784615385|103.874730384615
Retail|Shopping Mall|Coronation Shopping Plaza|1.324004|103.809998
Residential|Hotel|Great World City Service Apartments|1.294514|103.831594
Retail|Shopping Mall|Causeway Point|1.436069965|103.7860031
Educational|University|NUS Graduate Medical School Singapore|1.281203|103.834153
Retail|Shopping Mall|Tampines Plaza / Abacus|1.3530395275|103.9428409
Retail|Shopping Mall|Greenwich Village|1.38777599333333|103.8693725
Commercial|Industrial Building/Estate|LTH Logistics|1.308072|103.729933
Commercial|Commercial Building|OUE Bayfront|1.2829435|103.852917
Travel|Land|MacPherson MRT|1.326211|103.890359
Retail|Tourism|Singapore Science Centre|1.3325025|103.7354025
Commercial|Industrial Building/Estate|Seagate|1.411182|103.8300296
Commercial|Commercial Building|Pioneer Hub|1.3217575|103.695403
Travel|Land|Potong Pasir MRT|1.331243|103.8690075
Commercial|Commercial Building|CAPRI by FRASER|1.334147|103.96368
Government|Public Facility|Singapore Art Museum|1.29732|103.850971
Travel|Land|Bishan Place|1.351584|103.8491025
Commercial|Commercial Building|Plaza By The Park|1.29787361333333|103.850215866667
Residential|Hotel|Grand Plaza Royal Park Hotel|1.2926135|103.8502395
Commercial|Commercial Building|Asia Square Tower 2|1.27868733333333|103.850997666667
Commercial|Commercial Building|Caltex House|1.284191|103.851959
Commercial|Commercial Building|HSBC|1.285084|103.852801
Educational|University|Lee Kuan Yew School of Public Policy and Institute of Policy Studies|1.29057|103.777572
Travel|Land|Nicoll Highway MRT|1.2997395|103.8635645
Retail|Exhibition|Singapore Expo Hall|1.33435298657143|103.959564221429
Educational|Research Centre|Biopolis Research Centre|1.301508|103.793407
Commercial|Industrial Building/Estate|Chartered Semiconductor Manufacturing|1.41524230166667|103.8203263
Educational|University|SMU - School of Information System Block|1.297427484|103.84974625
Retail|Food Area|CHIJMES|1.295531|103.8520765
Educational|Research Centre|Fusionopolis|1.30001633333333|103.788208333333
Travel|Land|Telok Ayer MRT|1.282358|103.848268
Educational|University|Singapore University of Technology Design|1.3001575|103.780586
Educational|University|PSB Science Park|1.291866|103.785623
Residential|Hotel|Marina Mandarin|1.29174450066667|103.8570312
Recreational|Country Club|Bukit Timah Turf Club|1.33802266666667|103.793508333333
Commercial|Industrial Building/Estate|Shophouses @ Peck Seah Street|1.277849|103.844771
Recreational|Country Club|Civil Service Club|1.352611|103.749375
Residential|Hotel|Movenpick Heritage Hotel Sentosa|1.253153|103.8195855
Educational|Non-tertiary Institution|Crest Secondary School|1.345253|103.727058
Retail|Shopping Mall|Roxy Square new|1.30334|103.904697
Commercial|Commercial Building|Great Eastern Centre|1.284809|103.847642
Commercial|Commercial Building|Certis Cisco Centre|1.3221945|103.8921605
Commercial|Commercial Building|Jurong Superbowl|1.325487|103.725201
Educational|University|DSTA Science Park|1.291147|103.788318
Commercial|Commercial Building|HaliBurton|1.31968575|103.6447295
Commercial|Commercial Building|Anson House|1.273846|103.844474
Commercial|Commercial Building|Changi North Way|1.3530850225|103.9729468
Commercial|Industrial Building/Estate|Agilent Technologies|1.440367|103.840658
Commercial|Commercial Building|Maybank Kim Eng Securities|1.28757233333333|103.846630333333
Retail|Shopping Mall|United Square|1.317240757|103.843765133333
Commercial|Commercial Building|AIA Tower|1.281991|103.85113
Commercial|Commercial Building|KeyPoint|1.30236536466667|103.8622294
Retail|Food Area|FoodXChange|1.397907|103.8585135
Commercial|Commercial Building|Spring Singapore|1.284303|103.813744
Travel|Land|Bugis MRT|1.30017325|103.85619675
Retail|Shopping Mall|Tampines Mall|1.35272825025|103.9443478
Retail|Shopping Mall|Tampines Mart|1.354451|103.960096
Travel|Air|Cargo Agents Building C|1.374678113|103.9958926
Retail|Shopping Mall|Jurong Point Shopping Centre|1.3394751114|103.70660772
Commercial|Industrial Building/Estate|Chai CheeTechnopark|1.323403|103.921314666667
Retail|Shopping Mall|Peoples Park Center|1.285774|103.8439745
Commercial|Commercial Building|Maxwell House|1.27910025|103.844809
Commercial|Commercial Building|STATS ChipPac|1.439711|103.8426615
Travel|Land|Woodleigh MRT|1.33941733333333|103.870842333333
Travel|Marine|Sembawang Shipyard|1.459953|103.822721
Recreational|Sports Facility|OCBC Arena|1.305064|103.8762324
Commercial|Commercial Building|Millenia Walk|1.2926814725|103.859940883333
Retail|Shopping Mall|Tampines 1|1.35432434966667|103.945016233333
Retail|Shopping Mall|Bugis+|1.2996395|103.854294
Retail|Shopping Mall|OG Peoples Park|1.285236|103.843166
Government|Government Building|Immigration And Checkpoint Authority|1.30650868066667|103.8626433
Residential|Hotel|Hotel Michael|1.25528566666667|103.820289666667
Travel|Land|Tiong Bahru MRT|1.28609466666667|103.827025333333
Commercial|Commercial Building|SAESL|1.372742|103.981728
Educational|University|NTU Alumni Club|1.3037|103.789852
Residential|Hotel|York Hotel|1.30701|103.835317
Retail|Shopping Mall|West Coast Plaza|1.3038805035|103.76649395
Commercial|Industrial Building/Estate|AZ @ Paya Lebar|1.328197|103.890839
Commercial|Commercial Building|NTUC Income|1.296567|103.851709
Commercial|Commercial Building|UOB Plaza 2|1.28537866666667|103.850737333333
Retail|Shopping Mall|Orchard Gateway|1.300479|103.839329
Retail|Shopping Mall|Icon Village|1.2752295|103.8442665
Travel|Land|Woodlands MRT|1.42503|103.762001
Retail|Tourism|Esplanade Theatres On The Bay|1.289873|103.8552825
Retail|Shopping Mall|The Seletar Mall|1.391327|103.876072
Commercial|Commercial Building|Woodlands Bizhub|1.452073|103.792106
Government|Public Facility|Singapore Indoor Stadium|1.3003095874|103.8752364
Educational|University|NUS - Centre for Life Science|1.294419|103.780517
Commercial|Commercial Building|CapitaGreen|1.2820655|103.850171
Residential|Hotel|Hard Rock Hotel|1.257914|103.818547
Residential|Hotel|Parkroyal on Pickering|1.285655|103.846275
Recreational|Sports Facility|Sg National Eye Centre|1.280812|103.836051
Retail|Shopping Mall|ION Orchard|1.304413971|103.83198135
Commercial|Commercial Building|Vertex Ubi|1.33299|103.894096
Recreational|Sports Facility|Singapore Sports Hub|1.3048538|103.8760608
Government|Government Building|ITS centre|1.292552|103.843817
Retail|Shopping Mall|Orienral Plaza|1.281857|103.842009
Retail|Shopping Mall|Orchird Gateway|1.3019035|103.838646
Commercial|Commercial Building|Market Street|1.2832635|103.85057
Commercial|Commercial Building|Lucrum Capital Building|1.282234|103.851285
Retail|Tourism|Marina Bay Seating Gallery|1.289074|103.85905
Educational|Research Centre|institute of Microelectronics|1.289586|103.779635
Residential|Hotel|Goodwood Park Hotel|1.308894|103.834470333333
Retail|Shopping Mall|John Little@Orchard|1.301851959|103.838483366667
Travel|Land|Lorong Chuan MRT|1.351644|103.864266
Residential|Hotel|Furama Riverfront Hotel|1.28780366666667|103.836606333333
Residential|Hotel|Plaza Hotel|1.298064|103.858521
Commercial|Commercial Building|Shaw House|1.3057935|103.831539
Recreational|Country Club|Orchid Country Club|1.411126|103.844205
Commercial|Industrial Building/Estate|ExxonMobil|1.268685|103.697995
Retail|Shopping Mall|Tanjong Katong Complex|1.316463|103.894357
Travel|Land|Downtown MRT|1.279363|103.8524375
Travel|Land|Farrier Park MRT|1.312627|103.854112
Government|Government Building|Ministry of Foreign Affairs|1.304704|103.81841
Travel|Land|Labrador Park MRT|1.2722985|103.8028195
Government|Government Building|Bukit Merah Town Centre|1.282904|103.818799
Commercial|Commercial Building|Equity Plaza|1.28308782866667|103.850308233333
Educational|Specialized Training School|ITE College West - CCK|1.375116|103.751985
Government|Religion|City Harvest Church|1.3431195|103.6918905
Commercial|Commercial Building|Changi Bus Park Vista|1.336899|103.967251
Government|Government Building|North Changi Prison|1.3567945|103.9719015
Health|Hospital|Gleneagles Medical Centre|1.307387657|103.819727366667
Retail|Casino|Marina Bay Sands Casino|1.284106|103.859565
Commercial|Commercial Building|DBS Tower 2|1.2775225|103.8487295
Educational|University|SIM|1.32933|103.775537
Retail|Shopping Mall|High Street Centre|1.2902982|103.848483
Residential|Hotel|Regent Hotel|1.3046705|103.824888
Commercial|Commercial Building|UE BIZ Hub East|1.335333|103.9635085
Retail|Shopping Mall|Orchard Towers|1.3075665|103.829161
Residential|Hotel|Pan Pacific Hotel|1.292423|103.8588115
Residential|Hotel|Fullerton Bay Hotel|1.283224|103.8535555
Commercial|Commercial Building|BreadTalk IHQ|1.334322|103.889745
Health|Hospital|NUH|1.2941254695|103.78276385
Retail|Casino|Marina Bay Sands Theatre|1.28521966666667|103.860007666667
Commercial|Commercial Building|Technopreneur Centre @ Ayer Rajah|1.295579|103.789789
Commercial|Industrial Building/Estate|FoodXchange|1.463147|103.814403
Commercial|Commercial Building|Nobel Building|1.3371764785|103.88824025
Commercial|Commercial Building|Ocean Financial Centre|1.28312966866667|103.8519228
Retail|Shopping Mall|City Plaza|1.3154495|103.893351
Residential|Hotel|Golden Landmark Hotel|1.301922|103.857786
Travel|Land|Fort Canning Tunnel|1.296846|103.846998
Retail|Shopping Mall|Jackson Square|1.336936|103.8482354
Residential|Hotel|River View Hotel|1.289376|103.836601
Residential|Hotel|Park Regis Hotel|1.2879899925|103.8447631
Commercial|Industrial Building/Estate|Technopark @ Chai Chee|1.32327|103.921728
Retail|Shopping Mall|Suntec City Mall|1.2954155931|103.85900028
Retail|Shopping Mall|International Plaza|1.2753515|103.846278
Retail|Shopping Mall|Marina Bay Link Mall and MBFC Tower 1|1.2802075|103.853801
Retail|Shopping Mall|International Building|1.306092|103.831011
Commercial|Commercial Building|79 Anson Road|1.274038|103.845697
Commercial|Commercial Building|Mapletree Anson|1.274997|103.845342333333
Educational|University|NUS University Hall|1.29667186033333|103.777948733333
Retail|Shopping Mall|Jalan Besar Plaza|1.308656|103.858047
Government|Government Building|Ministry of Education|1.3053805|103.7910465
Travel|Land|Little India MRT|1.30689566666667|103.849264333333
Commercial|Commercial Building|Mapletree Business City|1.27489133333333|103.799152
Retail|Shopping Mall|Bukit Panjang Plaza|1.380363511|103.76417445
Retail|Shopping Mall|One KM|1.31509|103.894432
Retail|Shopping Mall|Raffles The Plaza South|1.293273|103.853373
Residential|Hotel|Shangri-La Hotel|1.31128770666667|103.8264796
Travel|Land|City Hall MRT|1.29298966666667|103.852843333333
Retail|Exhibition|Singapore Expo Registration Centre|1.333629498|103.95716535
Commercial|Commercial Building|Nordic European Centre|1.327316|103.748442
Residential|Hotel|Day Hotels|1.326737|103.846604
Health|Hospital|Raffles Hospital|1.3010815|103.857248
Residential|Hotel|Changi Village Hotel|1.39060566033333|103.986053033333
Retail|Shopping Mall|Paya Lebar Square|1.3188725|103.892612
Residential|Hotel|M Hotel|1.273694|103.8450695
Retail|Shopping Mall|Bedok Point|1.3249465|103.932338
Retail|Shopping Mall|Elias Mall|1.378586|103.941976
Commercial|Commercial Building|LIPPO Centre|1.2730895|103.8450415
Commercial|Commercial Building|EMC|1.336899|103.967251
Commercial|Commercial Building|The Strategy|1.330795|103.746522666667
Retail|Shopping Mall|Sim Lim Tower|1.3037995|103.8546585
Commercial|Industrial Building/Estate|Celestica Serangoon|1.374479|103.869107
Health|Hospital|Glenegales Hopsital Main|1.307065|103.820119
Retail|Shopping Mall|Parkway Parade Shopping Centre|1.301076|103.905276
Retail|Shopping Mall|Bugis Junction BHG|1.299309969|103.8550034
Retail|Shopping Mall|Cuppage Plaza|1.3020035|103.8407295
Retail|Shopping Mall|NTUC Hougang Mall|1.372488598|103.893868833333
Commercial|Commercial Building|UOB Plaza 1|1.28539466666667|103.850613666667
Educational|University|National University of Singapore|1.30397|103.78552875
Educational|University|NUS T-LAB|1.299772|103.772073
Recreational|Country Club|National Service Resort and Country Club|1.4131523|103.7561568
Commercial|Commercial Building|Applied Materials South East Asia Pte Ltd|1.336899|103.967251
Commercial|Commercial Building|Mediacorp East Wing Building|1.3383283315|103.83283775
Health|Hospital|Raffles Health Pte. Ltd|1.3010815|103.857248
Retail|Shopping Mall|Peninsula Plaza|1.292327|103.850823
Health|Medical Centre|Singapore National Eye Centre|1.281384|103.836155
Commercial|Commercial Building|DBS Tai Seng Branch|1.335497|103.889247
Retail|Tourism|Singapore Airshow|1.36544|104.01637
Residential|Hotel|The Oriental Hotel|1.290097|103.858451
Commercial|Commercial Building|South Beach Lifestyle Quarter|1.2950385|103.856182
Commercial|Commercial Building|Singapore Conference Hall|1.276171|103.8490155
Travel|Land|Esplanade MRT|1.2931925|103.8555345
Residential|Hotel|Furama Singapore Hotel|1.286454|103.844608
Commercial|Commercial Building|Shaw Tower Office|1.296611|103.856854
Educational|Research Centre|NUS Utown- Bar Towers|1.304085|103.774126
Commercial|Commercial Building|Millenia Tower|1.292675|103.8603045
Travel|Land|Buona Vista MRT|1.306953|103.7903995
Health|Hospital|Khoo Teck Puat Hospital|1.4245956|103.8398458
Recreational|Country Club|Singapore Turf Club Seating Gallery|1.42224020375|103.76151025
Educational|University|NUS - University Cultural Centre|1.301745|103.772045
Residential|Hotel|Hotel Ibis bencoolen|1.301122|103.852557
Educational|University|Civil Service College|1.309778225|103.7919182
Commercial|Commercial Building|161 Airport Road|1.342648|103.898882
Commercial|Commercial Building|Springleaf Tower|1.2755515|103.846547
Residential|Hotel|Holiday Inn Park View Hotel|1.3022815|103.8411
Residential|Hotel|Orchard Parade Hotel|1.306448|103.827716333333
Commercial|Commercial Building|Straits Trading  Building|1.285124|103.85232
Education|Junior College|Nanyang Polytechnic|1.380697|103.849606
Residential|Hotel|Merchant Court Hotel|1.28830469333333|103.845789633333
Recreational|Country Club|Arena Country Club|1.329445|103.682555
Travel|Land|Tanjong Pagar MRT|1.276602|103.84595
Commercial|Commercial Building|Woodsville Interchange|1.326114|103.867728
Commercial|Commercial Building|Suki Sushi|1.335497|103.889247
Commercial|Commercial Building|Seagate Gambas W2|1.444503|103.809465
Retail|Shopping Mall|Siglap Center|1.3125945|103.923167
Commercial|Commercial Building|Marina Boulevard NTUC Centre|1.282257|103.852589
Travel|Marine|International Cruise Terminal|1.266041|103.860502
Travel|Land|MCE Ventilation Building 2|1.27531|103.86642
Residential|Hotel|Royal Plaza On Scotts|1.3070575|103.8320885
Retail|Shopping Mall|Funan The IT Mall|1.291308|103.850081
Commercial|Commercial Building|SIA Building|1.2777570145|103.8482183
Government|Public Facility|Singapore Discovery Centre|1.332703|103.678937
Commercial|Commercial Building|Citibank|1.334243493|103.965218133333
Government|Public Facility|Marine Parade Library|1.3048805|103.909673
Retail|Shopping Mall|Marina Bay Sands The Shoppes|1.2835952|103.8589642
Commercial|Commercial Building|Valley Point Office Tower|1.293071|103.827073
Commercial|Commercial Building|North Spring Bizhub|1.438126|103.843203666667
Retail|Shopping Mall|Harbourfront Centre|1.307113988|103.84660805
Commercial|Industrial Building/Estate|NTT Serangoon|1.376079|103.874911
Retail|Shopping Mall|Paradiz Centre|1.3000765|103.8492885
Health|Hospital|East Shore Hospital|1.315115|103.9089925
Retail|Exhibition|Marina Bay Sands Hall D|1.282734|103.859065
Health|Hospital|Mount Elizabeth Hospital|1.3046825|103.835418
Recreational|Country Club|Seletar Country Club|1.409431571|103.858308966667
Retail|Shopping Mall|Boon Lay Shopping Centre|1.34638258866667|103.7124798
Retail|Exhibition|Marina Bay Sands MICE Expo|1.2831020235|103.85853335
Educational|University|NTU - SPMS|1.341805|103.681938
Retail|Shopping Mall|Parkview Square|1.300239|103.857602
Retail|Exhibition|Marina Bay Sands MICE Expo |1.2831020235|103.85853335
Travel|Land|Kent Ridge MRT|1.2933812|103.784545
Retail|Shopping Mall|Golden Mile Tower|1.301891|103.864152
Retail|Shopping Mall|Loyang Point|1.3664378|103.9641238
Commercial|Commercial Building|ST Microelectronics|1.3752055722|103.8657919
Government|Government Building|PUB Building|1.3002225|103.837252
Commercial|Commercial Building|Apple South Asia Pte Ltd|1.389909|103.845018
Retail|Shopping Mall|Kallang Wave Mall|1.303922|103.873846
Retail|Shopping Mall|Plaza Singapura|1.300613257|103.84493505
Retail|Shopping Mall|Tanglin Mall|1.305017977|103.82393975
Retail|Shopping Mall|Central Mall|1.288486|103.8424945
Commercial|Commercial Building|The Synergy|1.331004982|103.752147333333
Commercial|Commercial Building|5 Sims Way|1.307978|103.875673
Recreational|Country Club|The Chevrons|1.33113775|103.74933925
Recreational|Country Club|The American Club|1.308049|103.83214
Retail|Shopping Mall|Katong Mall|1.305158|103.9050575
Commercial|Industrial Building/Estate|Ubi Tech Park|1.327263|103.896331
Travel|Land|KPE Ventilator Building F|1.356801|103.901657
Commercial|Industrial Building/Estate|NCS|1.319708|103.930202
Commercial|Commercial Building|Hong Leong Building|1.2813805|103.8509145
Retail|Shopping Mall|Suntec City Tower 5|1.294496|103.8579785
Commercial|Commercial Building|Nanyang Executive Centre|1.351206|103.687828
Commercial|Commercial Building|CWT Logistic Hub 1|1.30126766666667|103.737599666667
Residential|Hotel|Paramount Hotel/SG|1.303763|103.90288
Commercial|Commercial Building| AIA Tampines|1.354619|103.941899
Recreational|Country Club|Laguna National Golf and Country Club|1.3200635|103.962754166667
Educational|University|NUS Guild House and Shaw Foundation Alumni House|1.293854|103.773254
Retail|Shopping Mall|Lot 1 Shoppers Mall|1.38493294166667|103.745004166667
Commercial|Commercial Building|Tetra Pak|1.311711|103.659803
Health|Medical Centre|National Cancer Centre|1.279132|103.836219666667
Commercial|Commercial Building|Singapore Pools Building|1.301468|103.851042
Educational|Research Centre|NTU Research Techno Plaza|1.34291251566667|103.679260466667
Commercial|Commercial Building|Singapore Labour Foundation (SLF Building)|1.332856|103.83891525
Commercial|Commercial Building|Cendex Centre|1.27938966666667|103.823523
Travel|Land|CTE|1.30178933333333|103.842716333333
Retail|Shopping Mall|Paragon|1.3038715|103.835863
Travel|Land|HarbourFront MRT|1.26515975|103.8214705
Commercial|Industrial Building/Estate|Northlink Building|1.462355|103.8124715
Government|Government Building|Ministry of Home Affairs|1.32396930466667|103.844754333333
Government|Government Building|National Parks Board HQ|1.31544|103.81643
Education|Secondary School|NUS High School|1.307159|103.769453
Retail|Shopping Mall|Scape|1.300984991|103.83588525
Commercial|Industrial Building/Estate|Infineon Technologies|1.325333|103.874947
Commercial|Commercial Building|SPH Holdings Toa Payoh|1.34317573433333|103.848640966667
Residential|Hotel|Hotel Royal Queens|1.297553|103.852249
Residential|Hotel|Miramar Hotel|1.288199|103.837406
Residential|Hotel|Marina Bay Sands Hotel|1.28412066666667|103.860237666667
Retail|Shopping Mall|Bukit Timah Plaza|1.33906453775|103.7782039
Residential|Hotel|Fullerton Hotel|1.286195|103.852974
Retail|Shopping Mall|Bishan Junction 8 Shopping Centre|1.3507914705|103.848867
Commercial|Commercial Building|Genting Centre|1.273374|103.842032
Educational|Non-tertiary Institution|UWCSEA Centre for International Education|1.359|103.93093
Commercial|Commercial Building|Hansa Point|1.335748|103.966492
Residential|Hotel|Conrad International|1.293521|103.85877
Recreational|Country Club|Sembawang Country Club|1.415152|103.8175535
Commercial|Commercial Building|AIA Changi|1.316735|103.902428
Retail|Shopping Mall|Pasir Ris West Plaza|1.379276|103.93599
Commercial|Commercial Building|Gateway East|1.298507|103.858684
Commercial|Commercial Building|Alexandra Technopark A|1.2777225|103.800752
Travel|Land|Lavender MRT|1.3075376|103.8630352
Commercial|Industrial Building/Estate|Changi International Logistics Centre Ltd|1.375966|103.97302
Retail|Shopping Mall|Thomson Plaza|1.354648|103.8309225
Retail|Shopping Mall|The Odean Katong|1.304637|103.901901
Retail|Shopping Mall|The Heeren|1.3026654875|103.8371585
Retail|Shopping Mall|Far East Plaza|1.3072139925|103.8338068
Health|Hospital|Mount Alvernia Hospital|1.341698452|103.837817975
Commercial|Commercial Building|80 Robinson Road|1.280109|103.849294
Retail|Shopping Mall|Courts Megastore|1.3736275|103.93389
Travel|Land|Dhoby Ghaut MRT - CCL|1.298804|103.8463515
Educational|University|INSEAD Institute|1.29977625|103.78648425
Commercial|Commercial Building|ung Centre|1.284687|103.852696
Retail|Shopping Mall|Tiong Bahru Plaza|1.2863877575|103.8269157
Commercial|Commercial Building|Prudential @ Scotts|1.31281633333333|103.837777
Retail|Shopping Mall|East Point Mall|1.34237571428571|103.953218428571
Health|Hospital|Parkway Novena Hospital & Specialist centre|1.322156|103.8441485
Government|Government Building|Health Promotion Board|1.279764251|103.8385173
Commercial|Commercial Building|Changi City Point|1.333805669|103.963016633333
Retail|Tourism|Marina Barrage|1.280811|103.870972
Travel|Land|Airport Cargo Complex|1.36694533333333|103.988946333333
Retail|Shopping Mall|The Adelphi|1.291198|103.8511755
Commercial|Commercial Building|Tower Fifteen|1.273786|103.842148
Government|Religion|Buddha Tooth Relic Temple|1.281455|103.844373
Educational|University|NTU School of Chemical and BioMedical Engineering|1.345402|103.6790515
Retail|Shopping Mall|Atrium @ Orchard|1.2996965|103.8453345
Educational|University|Singapore University Of Technology And Design|1.3001575|103.780586
Educational|University|Singapore Science Park-Reuters|1.2902165|103.7882845
Retail|Shopping Mall|Century Square|1.3523655|103.943782
Retail|Shopping Mall|Raffless City Tower|1.2939805095|103.8530479
Commercial|Commercial Building|OCBC Centre|1.285093519|103.849039
Recreational|Country Club|Legend Fort Canning Pk|1.295891|103.845465
Residential|Hotel|Carlton City Hotel|1.276043|103.843687
Retail|Shopping Mall|CPF Tampines Building|1.353101|103.9437
Travel|Land|Braddell MRT|1.340248|103.846903
Commercial|Industrial Building/Estate|Silicon Manufacturing Partners Pte|1.438371|103.767165
Commercial|Commercial Building|Grace Global Raffles |1.282229|103.850521
Residential|Hotel|Moevenpick Heritage Hotel Sentosa|1.253151|103.819583
Educational|Specialized Training School|East SIA Training Centre|1.3458145|103.96583
Government|Public Facility|New National Library|1.2976345|103.854116
Commercial|Commercial Building|Revenue House|1.30993725|103.842023
Commercial|Commercial Building|CWT Distribution Ltd|1.317263|103.718988
Commercial|Commercial Building|Infineon Technologies|1.324311|103.873217
Educational|University|The Kendall|1.285871|103.783508
Residential|Hotel|Traders Hotel|1.3042705|103.8239115
Commercial|Commercial Building|One Raffles Quay North Tower|1.281293|103.8520065
Retail|Shopping Mall|JEM Jurong|1.3335096|103.7433354
Retail|Shopping Mall|White Sand Shopping Centre|1.3724145|103.9497505
Recreational|Country Club|The Star Performing Arts Centre|1.3068665|103.788446
Retail|Shopping Mall|Clifford Centre|1.2838545|103.85213
Travel|Land|Tai Seng MRT|1.33526|103.888221
Retail|Shopping Mall|Tampines Junction|1.352338|103.941945
Commercial|Commercial Building|Fuji Xerox Towers|1.2731615|103.8436945
Commercial|Commercial Building|DBS Tower 1|1.277019|103.848419
Retail|Shopping Mall|Joo Chiat Shopping Complex|1.315541|103.899034
Commercial|Commercial Building|CIAS Cargo Centre|1.372466|103.99635
Government|Public Facility|National History Museum|1.29673|103.848502
Commercial|Commercial Building|ST Electronics|1.39219566666667|103.848923333333
Retail|Shopping Mall|Valley Point|1.293071|103.827073
Retail|Tourism|The Pits Building|1.2912865|103.8639275
Commercial|Commercial Building|The Concourse Office Tower|1.301078|103.862605
Commercial|Industrial Building/Estate|Hewlett Packard Singapore|1.28242|103.808041
Government|Government Building|New Supreme Court|1.290405|103.850747
Travel|Land|Beauty World MRT|1.3415855|103.7759205
Educational|University|Singapore Science Park-The Fleming|1.29242|103.78663
Retail|Shopping Mall|Robinson Point|1.2795945|103.8495885
Commercial|Commercial Building|Acer Building|1.32635533333333|103.746736333333
Commercial|Industrial Building/Estate|Philips Lumileds Singapore Pte Ltd|1.4409264|103.836677
Retail|Shopping Mall|Square II|1.320888|103.844091333333
Travel|Land|Farrer Road MRT|1.317457|103.807481
Commercial|Industrial Building/Estate|ASE Singapore|1.450319|103.803971
Residential|Hotel|Hilton International Hotel|1.30588|103.829317
Commercial|Commercial Building|Temasek Tower|1.275741|103.847265
Commercial|Commercial Building|OUB Centre|1.2836295055|103.851253475
Commercial|Commercial Building|Neuros & Immunos|1.302308|103.793131
Recreational|Country Club|SAFRA Yishun|1.4241965|103.8409235
Educational|Research Centre|3M Innovation Centre|1.445997|103.8111785
Educational|Research Centre|NUS Utown- Create Building|1.304078|103.774125
Commercial|Industrial Building/Estate|SATS Inflight Catering Centre 2|1.344117|103.9702935
Residential|Hotel|Parkroyal Hotel|1.2856575|103.8462775
Retail|Shopping Mall|Fu Lu Shou Complex|1.30169725|103.85467075
Recreational|Country Club|Serangoon Gardens Country Club|1.3655659895|103.8668574
Residential|Hotel|Sheraton Towers Hotel|1.31184733333333|103.836109333333
Commercial|Commercial Building|MND|1.278973|103.84581
Retail|Shopping Mall|Chinatown Point|1.2851815|103.84494
Educational|University|Marina South Pier|1.27053015866667|103.8633019
Government|Military|DSO National Laboratories|1.287311|103.7874315
Travel|Land|Toa Payoh MRT|1.332613|103.8477675
Commercial|Commercial Building|Scotts Square Commercial Development|1.3057955|103.8330305
Travel|Land|Punggol MRT|1.404662|103.90213
Commercial|Commercial Building|Alexandra Technopark B|1.277401|103.7994235
Retail|Shopping Mall|Kembangan Plaza|1.32059433333333|103.912659
Commercial|Industrial Building/Estate|Grundfos Singapore|1.3261145|103.713794
Commercial|Commercial Building|Sheng Siong 1 Station Market|1.338216|103.923475
Travel|Land|Haw Par Villa MRT|1.282556|103.7817445
Residential|Hotel|Meritus Negara Hotel|1.307378|103.82989
Retail|Shopping Mall|Sembawang Vista Sun Plaza|1.448193|103.8194935
Commercial|Commercial Building|Grace Global Raffles|1.282229|103.850521
Travel|Land|Boon Keng MRT|1.319579|103.861742
Commercial|Industrial Building/Estate|Centennial Tower|1.293503|103.86027
Commercial|Commercial Building|Keppel Bay Tower|1.264858|103.818267
Residential|Hotel|Allson Hotel|1.297338986|103.852615233333
Educational|University|SMU Lee Kong Chian School of Business|1.2952195|103.8505455
Commercial|Commercial Building|Philips Electronics Singapore Pte Ltd|1.335574|103.842049333333
Commercial|Industrial Building/Estate|Lanxess Butyl Pte. Ltd|1.266434|103.667459
Residential|Hotel|Copthorne Kings Hotel|1.288262|103.836638
Residential|Hotel|Hyatt Regency Singapore|1.306318|103.833307
Commercial|Commercial Building|Enterprise Hub|1.33683|103.75434
Commercial|Commercial Building|IBM Tower|1.2731615|103.8436945
Government|Government Building|National Environment Agency|1.310501|103.836325
Commercial|Industrial Building/Estate|9 @ Tagore|1.383621|103.826068
Commercial|Commercial Building|The URA Centre - East Wing and Tower building|1.279584|103.845284
Retail|Shopping Mall|Orchard Point|1.301379|103.84057
Retail|Shopping Mall|Tanjong Pagar Plaza|1.275564|103.842674
Retail|Shopping Mall|Automobile Megamart|1.331534|103.901251
Retail|Shopping Mall|Orchard Plaza|1.301033|103.841096
Commercial|Commercial Building|South Point|1.273439|103.841264
Recreational|Country Club|Singapore Island Country Club|1.34772466666667|103.813622
Recreational|Country Club|Jurong Country Club|1.3279478|103.7406198
Residential|Hotel|V Hotel Lavender|1.30766033333333|103.862965666667
Travel|Land|Pasir Panjang MRT|1.276186|103.7913315
Retail|Shopping Mall|IKEA Tampines|1.374093|103.932533
Retail|Shopping Mall|Queensway Shopping Centre|1.287632488|103.8031952
Travel|Land|Marymount MRT|1.3483575|103.8397185
Retail|Shopping Mall|Parkway Parade Tower|1.301335|103.905279
Travel|Land|Orchard MRT|1.3040425|103.8320935
Commercial|Commercial Building|Sandcrawler|1.299783|103.789326
Health|Hospital|Singapore General Hospital - The Academia|1.281958|103.835813
Educational|University|NUH System Acadamic Block|1.2924575|103.7833335
Commercial|Commercial Building|Sandcrawler |1.299783|103.789326
Commercial|Commercial Building|Hyflux Innovation Centre|1.317265|103.863441
Travel|Marine|Tuas Checkpoint|1.346467|103.6365785
Travel|Land|Kovan MRT|1.3601805|103.885004
Commercial|Commercial Building|Seagate Technology Woodlands|1.433907|103.803442
Commercial|Commercial Building|StarHub Tai Seng Building|1.337733|103.893674
Retail|Shopping Mall|Mandarin Orchard|1.296318013|103.839976875
Recreational|Country Club|SAFRA Town Club|1.288157|103.847381
Health|Hospital|Singapore General Hospital|1.27972775|103.8350065
Retail|Food Area|Lam Lai Pheng|1.332673|103.937148
Educational|University|Lasalle College of the Arts|1.3030836|103.8519532
Commercial|Commercial Building|Micron SemiConductor|1.3178|103.864656
Educational|University|ALCON|1.2760535|103.6224325
Travel|Land|BuangKok MRT|1.391689|103.895484
Commercial|Commercial Building|Tourism Court|1.3036700245|103.82399375
Commercial|Commercial Building|PSA Building|1.2735645|103.8015455
Commercial|Commercial Building|500 East Coast parkway|1.294647|103.875846
Government|Public Facility|The Cultural Centre Basement Carpark|1.4437905|103.784268
Residential|Hotel|W Singapore - Sentosa Cove|1.2465664|103.8429378
Travel|Land|Hougang MRT|1.3713915|103.8927785
Travel|Air|Changi Cargo Agents Megaplex 1|1.373037|103.995017
Residential|Hotel|Marriott Hotel + CK Tang|1.3050089805|103.8330306
Commercial|Commercial Building|Prudential Tower|1.282804|103.849873
Retail|Shopping Mall|Oriental Plaza|1.281847|103.842009
Retail|Shopping Mall|Wilkie Edge|1.3021225|103.8495125
Retail|Shopping Mall|JCUBE|1.333208|103.740238
Commercial|Commercial Building|Asia Square Tower 1|1.2789405|103.8512485
Retail|Shopping Mall|Raffles City Shopping Centre|1.2939175115|103.853131733333
Commercial|Industrial Building/Estate|JTC Factory|1.28418|103.813
Commercial|Commercial Building|MBFC Tower 3|1.279104|103.854468
Commercial|Industrial Building/Estate|SembCorp Cogen Pte Ltd|1.254278|103.702869
Recreational|Country Club|Tampines Course|1.32809266666667|103.974167
Commercial|Commercial Building|SGX Centre 1|1.279583|103.849995
Retail|Shopping Mall|Pearls Centre|1.281708|103.840657
Educational|Non-tertiary Institution|SOTA - School Of The Arts|1.29921012033333|103.848703633333
Residential|Hotel|Bay Hotel|1.26617|103.823
Health|Hospital|Tan Tock Seng Hospital|1.32111250222222|103.846777877778
Commercial|Commercial Building|The Arcade|1.2836205|103.852063
Commercial|Commercial Building|One George Street|1.285655|103.847815
Educational|Research Centre|Fusionopolis Commercial Building|1.298898|103.787765
Commercial|Commercial Building|EFG Bank|1.290178|103.849698
Retail|Shopping Mall|Harbourfront Tower Two|1.2646265|103.818691
Commercial|Industrial Building/Estate|SAESL new Extension|1.372742|103.981728
Commercial|Commercial Building|Hitachi Square|1.3557045|103.9414755
Travel|Land|Telok Blangah MRT|1.270704|103.8097675
Recreational|Parks/Gardens|Nepal Park|1.3021475|103.7876875
Retail|Shopping Mall|Orchard Shopping Centre|1.30151999|103.8379974
Commercial|Industrial Building/Estate|TechLink|1.335623|103.905612
Retail|Tourism|Sentosa Resort|1.2455145|103.8275595
Retail|Shopping Mall|AMK Hub|1.3693679745|103.8482053
Retail|Shopping Mall|Bras Basah Complex|1.2969805|103.8535955
Retail|Shopping Mall|Centrepoint Shopping Centre|1.30165198775|103.840230825
Retail|Shopping Mall|Bedok Mall|1.324502|103.929604
Retail|Shopping Mall|Citylink Mall|1.292419751|103.855058366667
Government|Religion|Buddha Tooth Relic Temple and Museum|1.281455|103.844373
Commercial|Commercial Building|Euro-Asia Centre|1.273779|103.842153
Travel|Land|Dakota MRT|1.3085945|103.8887855
Retail|Exhibition|Marina Bay Sands MICE L3|1.282731|103.858621
Educational|University|NTU School of Mechanical & Aerospace Engineering|1.347664|103.682586
Commercial|Commercial Building|One Marina Boulevard NTUC Centre|1.282261|103.852586
Commercial|Commercial Building|City House|1.2812543|103.849784333333
Commercial|Commercial Building|International Business Park|1.327712|103.746102
Residential|Hotel|The Amara|1.274935|103.843547
Retail|Shopping Mall|Sim Lim Square|1.303069|103.852370666667
Commercial|Commercial Building|Hewlett Packard Alexandra|1.276781|103.800945
Commercial|Commercial Building|Becton Dickinson|1.3265665|103.657645
Commercial|Commercial Building|Marine Centre|1.279589|103.847926
Commercial|Commercial Building|NTUC Trade Union House|1.29691|103.851428
Retail|Shopping Mall|Havelock II|1.287092|103.845142
Retail|Shopping Mall|Lucky Chinatown|1.28364948166667|103.8432048
Government|Government Building|The URA Centre|1.279584|103.845284
Retail|Shopping Mall|Balmoral Plaza|1.3159295|103.83601575
Commercial|Industrial Building/Estate|Genetech Singapore Pte Ltd|1.296571|103.640546
Educational|University|Singapore Science Park II|1.287707022|103.780311466667
Commercial|Commercial Building|Sultan Plaza|1.302969|103.86192
Retail|Shopping Mall|City Square Mall|1.3115312|103.8564344
Retail|Shopping Mall|Central @ Clarke Quay|1.288988029|103.84675305
Retail|Shopping Mall|Wheelock Place|1.30462005533333|103.830680966667
Residential|Hotel|Capella Hotel|1.2495135|103.824223
Commercial|Commercial Building|REC Group|1.27244|103.6227265
Recreational|Parks/Gardens|Singapore Botanic Gardens|1.311083867|103.8171914
Educational|University|NUS - MD6|1.295364|103.781594
Residential|Hotel|The Bencoolen|1.301628|103.8533485
Travel|Land|Novena MRT|1.320059814|103.844024716667
Commercial|Industrial Building/Estate|AutoBay @ Kaki Bukit|1.3414735|103.9124655
Commercial|Commercial Building|Capital Tower|1.27752176925|103.8476958
Retail|Tourism|Singapore Flyers|1.289971|103.862392
Retail|Shopping Mall|Wisma Atria SC|1.303705485|103.8330921
Travel|Air|Changi Airport Terminal 1|1.36531619385714|103.9904868
Commercial|Commercial Building|BEA Building|1.280726|103.849703
Educational|University|Singapore Science Park|1.28986|103.787576
Educational|Research Centre|Biopolis St No.60 Building|1.30307533333333|103.792144
Commercial|Commercial Building|MAS Building|1.2754585|103.84665275
Health|Hospital|SGH Heart Centre|1.2801795|103.8361645
Commercial|Commercial Building|One@Changi City|1.3338385|103.9628825
Commercial|Industrial Building/Estate|Advanced Flat Panel Display Pte Ltd|1.360496|103.9296925
Residential|Hotel|Orchid Hotel|1.276901|103.843866
Travel|Land|Somerset MRT|1.30007166666667|103.838607666667
Residential|Hotel|Crowne Plaza Hotel|1.358726|103.987961
Retail|Shopping Mall|Central Place Hougang Point|1.375672|103.879453
Retail|Shopping Mall|Grandlink Square|1.3139228|103.8912382
Health|Hospital|Changi General Hospital|1.340847|103.9491305
Travel|Air|Changi Airport Terminal 2|1.354847|103.989041
Commercial|Commercial Building|Keppel Towers|1.2744285|103.8425365
Commercial|Commercial Building|Ascott Singapore Raffles Place|1.282643|103.851846
Retail|Shopping Mall|Marina Square|1.291820546|103.857750683333
Travel|Land|Jln Ahmad Ibrahim Tuas Check Point|1.349309|103.636145
Commercial|Commercial Building|Toyota Motor Asia Pacific|1.275336|103.845632
Educational|Specialized Training School|ITE HQ and College Central |1.37752375|103.85581725
Commercial|Industrial Building/Estate|SATS Inflight Catering Centre 2 |1.344062|103.970225
Commercial|Commercial Building|Creative Resource Building|1.328618|103.7459495
Travel|Land|MCE Ventilation Building 1|1.284091|103.877954
Commercial|Commercial Building|IBM Place|1.336543|103.965108
Commercial|Commercial Building|UE Bizhub Central|1.39122633333333|103.846582
Commercial|Commercial Building|Golden Wall Centre|1.303888|103.851183
Retail|Shopping Mall|Suntec City Tower 4|1.2946655|103.8597255
Recreational|Country Club|SAFRA Clubhouse|1.3303155|103.854551
Travel|Land|One-North MRT|1.2997505|103.7874385
Retail|Shopping Mall|Suntec City Tower 3|1.295244|103.859557
Retail|Shopping Mall|Mountbatten Square|1.307561|103.881284
Travel|Land|Expo MRT|1.334652|103.9618005
Commercial|Industrial Building/Estate|PowerQ Technology Pte Ltd|1.336853|103.759634
Commercial|Industrial Building/Estate|JTC (Flatted Factory)|1.440978|103.783657
Residential|Hotel|Conrad International Centennial Singapore Hotel|1.293517|103.858765
Retail|Shopping Mall|Suntec City Mall  Suntec City B|1.295579|103.858086
Commercial|Commercial Building|Plaza 8|1.333248|103.965643
Travel|Land|Botanic Garden MRT|1.322195|103.815121
Commercial|Commercial Building|One Raffles Quay South Tower|1.2811034945|103.8518442
Travel|Land|Stadium MRT|1.304334|103.875928666667
Government|Military|Multi Mission Range Complex|1.34233|103.67298
Residential|Hotel|W Hotel|1.246248|103.8423865
Retail|Shopping Mall|Albert Complex|1.3021505|103.8543105
Government|Government Building|HDB Hub|1.33216928571429|103.848247571429
Retail|Shopping Mall|Orchard Central|1.3009050265|103.83989265
Retail|Shopping Mall|Balestier Plaza|1.325754|103.850389
Retail|Shopping Mall|Paragon II|1.3038369935|103.83543255
Health|Medical Centre|Camden Medical Centre|1.303142|103.823925
Health|Hospital|Institute of Mental Health|1.382271|103.884936
Residential|Hotel|Grand Copthrone Waterfront Hotel|1.29004442325|103.8348147
Commercial|Commercial Building|Invensys Building|1.337357|103.964083
Educational|University|NUS School of Computing |1.295006|103.773708
Residential|Hotel|Resort World at Sentosa- Hotel Michael|1.255274|103.820005
Retail|Shopping Mall|Riverside Point|1.2891725|103.844254
Commercial|Commercial Building|MBFC Tower 2|1.279457|103.8537965
Travel|Land|Buangkok MRT|1.382742|103.893159
Retail|Shopping Mall|Westgate|1.334735325|103.7426213
Retail|Shopping Mall|Bukit Timah Shopping Centre|1.3433065|103.7758565
Retail|Shopping Mall|West Mall|1.350271521|103.74917325
Educational|Specialized Training School|Candian Internation School|1.345253|103.727058
Retail|Shopping Mall|Peace Centre|1.3013225|103.84923
Commercial|Commercial Building|Singapore Air Traffic Control Centre|1.39065633333333|103.983290666667
Commercial|Commercial Building|Samsung Hub|1.283306|103.84962
Residential|Hotel|Hotel Rendezvous|1.298628|103.84934
Residential|Hotel|Sentosa Retort|1.2455145|103.8275595
Educational|University|NTU-N2.1|1.347412993|103.6805409
Retail|Tourism|Sentosa Underwater World|1.258421|103.811441
Commercial|Commercial Building|Woodlands Civic Centre|1.435012|103.7869165
Travel|Land|Paya Lebar MRT|1.3176545|103.892623
Government|Government Building|Defence Science & Technology Agency|1.291147|103.788318
Commercial|Commercial Building|Da Vinci Building|1.3378385|103.8926415
Educational|University|SMU Administration Block|1.2966655|103.8521
Retail|Shopping Mall|Bugis Junction Parco|1.29945946425|103.85529215
Commercial|Commercial Building|Eightrium|1.337758|103.964533
Commercial|Commercial Building|Liat Towers 541|1.3051045|103.8307285
Residential|Hotel|Raffles Hotel|1.294874|103.854368
Retail|Shopping Mall|Robertson Walk|1.28943|103.84129325
Retail|Shopping Mall|Liang Court|1.291240809|103.844875771429
Commercial|Commercial Building|UOB Kay Hian|1.311272|103.837746
Commercial|Commercial Building|MBFC Tower 1|1.28006233333333|103.854107166667
Commercial|Commercial Building|Enviroment Building|1.310501|103.836325
Retail|Shopping Mall|Giant Supermarket|1.372224|103.932061
Retail|Shopping Mall|Change Alley|1.284196|103.852544
Travel|Land|Mountbatten MRT|1.3061445|103.88199175
Residential|Hotel|Oasia Hotel and Novena Specialist Centre|1.320002|103.844793
Residential|Hotel|The Elizabeth Hotel|1.308142|103.835788
Commercial|Commercial Building|Golden Mile Complex|1.302774|103.8651575
Commercial|Commercial Building|Infinite Studio|1.29268907133333|103.794638033333
Retail|Shopping Mall|Goldhill Plaza|1.31877525|103.84277525
Residential|Hotel|Grand Mercure Roxy Hotel|1.30334|103.904697
Retail|Shopping Mall|Leisure Park Kallang|1.30113075|103.8764365
Residential|Hotel|New Park Hotel|1.310483|103.855614
Retail|Shopping Mall|Robinson Centre|1.279265|103.849341
Commercial|Commercial Building|Bank of Singapore Centre|1.284298|103.850619
Retail|Shopping Mall|Lucky Plaza|1.30459634566667|103.8339052
Travel|Land|Chinatown MRT|1.285017|103.8433585
Commercial|Commercial Building|Tristar Complex|1.3158835|103.897326
Retail|Shopping Mall|Tanglin Shopping Centre|1.3063821956|103.8266869
Retail|Exhibition|Changi Exhibition Centre|1.36450066666667|104.020295666667
Commercial|Industrial Building/Estate|SATS Inflight Catering Centre 1|1.34123|103.984805
Commercial|Commercial Building|The Metropolis|1.305996|103.7914375
Retail|Shopping Mall|Junction 10|1.38013653666667|103.7602208
Educational|University|NUS - MD11|1.296008|103.7816325
Retail|Shopping Mall|Suntec City Tower 1|1.29551799633333|103.858155566667
Educational|Specialized Training School|School of The Art|1.2991345|103.8487075
Educational|University|NUS School of Computing|1.295006|103.773708
Travel|Land|Caldecott MRT|1.337623|103.8395205